STNR;KUERZEL;FAHRER_NR;FAHRER1_NAME;FAHRER1_VORNAME;FAHRER2_NAME;FAHRER2_VORNAME;FAHRER3_NAME;FAHRER3_VORNAME;FAHRER4_NAME;FAHRER4_VORNAME;NATION;BEWERBER;TEAM;FAHRZEUG;RUNDE_NR;DURCHGANGSZEIT;TAGESZEIT;RUNDENZEIT;RUNDENZEIT_IN_SEKUNDEN;DIESCHNELLSTE;KLASSE;KLASSESORT;UNTERKLASSE;KLASSEKURZ;SEKTOR1_ZEIT;SEKTOR1_BESTE_ZEIT;SEKTOR1_KMH;SEKTOR1_BESTE_SPEED;SEKTOR2_ZEIT;SEKTOR2_BESTE_ZEIT;SEKTOR2_KMH;SEKTOR2_BESTE_SPEED;SEKTOR3_ZEIT;SEKTOR3_BESTE_ZEIT;SEKTOR3_KMH;SEKTOR3_BESTE_SPEED;SEKTOR4_ZEIT;SEKTOR4_BESTE_ZEIT;SEKTOR4_KMH;SEKTOR4_BESTE_SPEED;SEKTOR5_ZEIT;SEKTOR5_BESTE_ZEIT;SEKTOR5_KMH;SEKTOR5_BESTE_SPEED;SEKTOR6_ZEIT;SEKTOR6_BESTE_ZEIT;SEKTOR6_KMH;SEKTOR6_BESTE_SPEED;SEKTOR7_ZEIT;SEKTOR7_BESTE_ZEIT;SEKTOR7_KMH;SEKTOR7_BESTE_SPEED;SEKTOR8_ZEIT;SEKTOR8_BESTE_ZEIT;SEKTOR8_KMH;SEKTOR8_BESTE_SPEED;SEKTOR9_ZEIT;SEKTOR9_BESTE_ZEIT;SEKTOR9_KMH;SEKTOR9_BESTE_SPEED;TOPSPEED_KMH;TOPSPEED_BESTE_SPEED;TOPSPEED_KMH2;TOPSPEED_BESTE_SPEED2;TOPSPEED_KMH3;TOPSPEED_BESTE_SPEED3;SEKTOR_BESTE_SUMME;RANG;INPIT;CANCELLED;PITSTOPDURATION;BEWERBERLIZENZ;PITIN_TIME;RUNDE_NR_TEXT;WET;PRO;PROAM;PRIO;STINT;LAPINSTINT;THEORETISCHE_BESTZEIT
1;Chri;2;Christensen;Michael;Estre;Kevin;Makowiecki;Frédéric;Vanthoor;Laurens;GBR ;Manthey-Racing GmbH;PRO                                                         ;Porsche 911 GT3R (991 II);1;11:15:58.594;11:15:58.594;9:11.795;551,795;N;SP 9                                                        ;0000SP 9                                                        ;;SP 9    ;41.215;N;216;;43.275;N;232;;1:03.039;N;228;;10.388;N;266;;1:45.974;N;203;;40.128;N;189;;3:15.782;N;210;;20.903;N;259;;31.091;N;;;;N;;N;;N;8:49.017;5;N;0;;            ;;1;0;0;0;0;1;1;8:49.017
1;Chri;2;Christensen;Michael;Estre;Kevin;Makowiecki;Frédéric;Vanthoor;Laurens;GBR ;Manthey-Racing GmbH;PRO                                                         ;Porsche 911 GT3R (991 II);2;11:24:51.190;11:24:51.190;8:52.596;532,596;J;SP 9                                                        ;0000SP 9                                                        ;;SP 9    ;40.719;J;216;;42.649;J;233;;1:03.477;N;230;;10.365;N;266;;1:46.815;N;201;;38.025;J;216;;2:58.824;J;213;;20.915;N;259;;30.807;N;;;;N;;N;;N;8:49.017;5;N;0;;            ;;2;0;0;0;0;1;2;8:49.017
1;Chri;2;Christensen;Michael;Estre;Kevin;Makowiecki;Frédéric;Vanthoor;Laurens;GBR ;Manthey-Racing GmbH;PRO                                                         ;Porsche 911 GT3R (991 II);3;11:40:37.136;11:40:37.136;8:56.382;536,382;N;SP 9                                                        ;0000SP 9                                                        ;;SP 9    ;40.961;N;214;;43.079;N;233;;1:03.014;J;228;;10.332;J;266;;1:45.702;J;206;;38.166;N;244;;3:05.376;N;217;;20.728;J;261;;29.024;J;;;;N;;N;;N;8:49.017;5;N;0;;            ;;3;0;0;0;0;1;3;8:49.017
3;Chri;3;Christodoulou;Adam;Götz;Maximilian;Schiller;Fabian;;;GBR ;Mercedes-AMG Team GetSpeed;PRO                                                         ;Mercedes-AMG GT3;1;11:24:33.553;11:24:33.553;8:55.239;535,239;J;SP 9                                                        ;0000SP 9                                                        ;;SP 9    ;41.260;J;216;;43.639;N;233;;1:04.173;J;223;;10.515;J;260;;1:48.214;N;204;;38.863;N;242;;2:58.337;N;221;;20.797;N;258;;29.441;N;;;;N;;N;;N;8:51.429;6;N;0;;            ;;1;0;0;0;0;1;1;8:51.429
3;Chri;2;Christodoulou;Adam;Götz;Maximilian;Schiller;Fabian;;;GBR ;Mercedes-AMG Team GetSpeed;PRO                                                         ;Mercedes-AMG GT3;2;11:41:02.202;11:41:02.202;16:28.649;988,649;N;SP 9                                                        ;0000SP 9                                                        ;;SP 9    ;8:17.185;N;213;;43.432;J;231;;1:05.113;N;206;;10.870;N;258;;1:48.053;J;206;;36.026;J;245;;2:58.051;J;224;;20.591;J;260;;29.328;J;;;;N;;N;;N;8:51.429;6;N;0;;            ;;2;0;0;0;0;1;2;8:51.429
4;Enge;1;Engel;Maro;Gounon;Jules;Juncadella;Daniel;;;DEU ;Mercedes-AMG Team GetSpeed;PRO                                                         ;Mercedes-AMG GT3;1;11:33:01.337;11:33:01.337;9:08.280;548,280;J;SP 9                                                        ;0000SP 9                                                        ;;SP 9    ;41.179;J;216;;43.118;N;228;;1:03.824;N;226;;10.399;N;264;;1:46.561;J;205;;37.758;N;239;;3:15.732;N;224;;20.581;J;259;;29.128;J;;;;N;;N;;N;8:57.707;12;N;0;;            ;;1;0;0;0;0;1;1;8:57.707
4;Enge;3;Engel;Maro;Gounon;Jules;Juncadella;Daniel;;;DEU ;Mercedes-AMG Team GetSpeed;PRO                                                         ;Mercedes-AMG GT3;2;11:46:08.828;11:46:08.828;13:07.491;787,491;N;SP 9                                                        ;0000SP 9                                                        ;;SP 9    ;4:50.282;N;215;;43.092;J;233;;1:03.617;J;225;;10.386;J;266;;1:47.073;N;206;;35.475;J;241;;3:07.688;J;222;;20.701;N;259;;29.177;N;;;;N;;N;;N;8:57.707;12;N;0;;            ;;2;0;0;0;0;1;2;8:57.707
5;Kolb;3;Kolb;Vincent;Stippler;Frank;Feller;Ricardo;Van der Linde;Kelvin;DEU ;Scherer Sport Team Phoenix;PRO                                                         ;Audi R8 LMS GT3 Evo II;1;11:13:44.259;11:13:44.259;9:09.913;549,913;N;SP 9                                                        ;0000SP 9                                                        ;;SP 9    ;41.879;J;213;;43.600;J;232;;1:04.393;J;222;;10.489;J;266;;1:53.922;N;202;;41.121;N;180;;3:01.872;N;220;;20.717;J;259;;31.920;N;;;;N;;N;;N;8:54.386;7;N;0;;            ;;1;0;0;0;0;1;1;8:54.386
5;Kolb;1;Kolb;Vincent;Stippler;Frank;Feller;Ricardo;Van der Linde;Kelvin;DEU ;Scherer Sport Team Phoenix;PRO                                                         ;Audi R8 LMS GT3 Evo II;2;11:28:17.442;11:28:17.442;8:56.747;536,747;J;SP 9                                                        ;0000SP 9                                                        ;;SP 9    ;42.359;N;215;;43.898;N;233;;1:05.848;N;217;;10.617;N;264;;1:50.882;J;202;;37.800;J;234;;2:54.539;J;220;;20.717;N;259;;30.087;J;;;;N;;N;;N;8:54.386;7;N;0;;            ;;2;0;0;0;0;1;2;8:54.386
6;Haup;3;Haupt;Hubert;Dienst;Marvin;Bastian;Nico;Piana;Gabriele;DEU ;Mercedes-AMG Team Bilstein;PRO-AM                                                      ;Mercedes-AMG GT3;1;11:11:21.125;11:11:21.125;9:01.515;541,515;J;SP 9                                                        ;0000SP 9                                                        ;;SP 9    ;41.556;J;216;;44.400;J;231;;1:04.311;J;225;;10.395;J;265;;1:47.192;J;204;;36.222;J;218;;3:07.273;J;221;;20.640;J;260;;29.526;J;;;;N;;N;;N;9:01.515;10;N;0;;by HRT      ;;1;0;0;0;0;1;1;9:01.515
13;Albr;2;Albrecht;Bernd;Asch;Sebastian;Ecke;Kurt;Sczepansky;Andreas;DEU ;;PRO                                                         ;Dodge  Viper CC GT3;1;11:18:08.140;11:18:08.140;9:55.196;595,196;J;AT                                                          ;0000AT                                                          ;;AT      ;43.889;J;206;;47.125;J;235;;1:09.089;J;205;;10.793;J;268;;1:57.533;J;203;;37.498;J;201;;3:35.131;J;202;;20.635;J;270;;33.503;J;;;;N;;N;;N;9:55.196;22;N;0;;            ;;1;0;0;0;0;1;1;9:55.196
14;Kohl;1;Kohlhaas;Christian;Foster;Nicholas;Szymkowiak;Jules;Bleekemolen;Jeroen;DEU ;racing one GmbH;PRO-AM                                                      ;Ferrari 488 GT3 Evo18;1;11:34:25.936;11:34:25.936;9:28.571;568,571;J;SP 9                                                        ;0000SP 9                                                        ;;SP 9    ;43.666;J;217;;45.485;J;233;;1:11.685;J;195;;11.110;J;259;;1:55.216;J;204;;36.099;J;239;;3:14.177;J;218;;20.682;J;261;;30.451;J;;;;N;;N;;N;9:28.571;17;N;0;;Hella Pagid ;;1;0;0;0;0;1;1;9:28.571
15;van ;3;Van der Linde;Kelvin;Vanthoor;Dries;Vervisch;Frederic;Frijns;Robin;DEU ;Audi Sport Team Phoenix;PRO                                                         ;Audi R8 LMS GT3 Evo II;1;11:40:20.815;11:40:20.815;10:00.209;600,209;J;SP 9                                                        ;0000SP 9                                                        ;;SP 9    ;41.375;J;215;;43.248;J;235;;1:03.593;J;229;;10.344;J;265;;1:48.534;J;180;;42.898;J;210;;3:51.531;J;162;;24.375;J;248;;34.311;J;;;;N;;N;;N;10:00.209;23;N;0;;            ;;1;0;0;0;0;1;1;10:00.209
18;Olse;2;Olsen;Dennis;Bamber;Earl;Tandy;Nick;;;NOR ;KCMG;PRO                                                         ;Porsche 911 GT3R (991 II);1;11:11:13.679;11:11:13.679;9:02.004;542,004;J;SP 9                                                        ;0000SP 9                                                        ;;SP 9    ;41.679;J;214;;43.761;J;231;;1:04.517;J;222;;10.579;J;261;;1:47.439;J;202;;37.979;J;241;;3:06.002;J;220;;20.723;J;258;;29.325;J;;;;N;;N;;N;9:02.004;11;N;0;;            ;;1;0;0;0;0;1;1;9:02.004
22;Haas;2;Haase;Christopher;Müller;Nico;Niederhauser;Patric;Rast;René;DEU ;Audi Sport Team Car Collection;PRO                                                         ;Audi R8 LMS GT3 Evo II;1;11:11:16.237;11:11:16.237;9:01.387;541,387;J;SP 9                                                        ;0000SP 9                                                        ;;SP 9    ;42.014;J;215;;45.348;J;231;;1:03.828;J;229;;10.343;J;267;;1:46.965;J;202;;38.100;J;222;;3:04.661;J;216;;20.836;J;259;;29.292;J;;;;N;;N;;N;9:01.387;9;N;0;;Lionspeed by;;1;0;0;0;0;1;1;9:01.387
25;Thys;1;Thyssen;Joachim;Rader;Klaus;Menzel;Nico;Kern;Lars;DEU ;Huber Motorsport;PRO-AM                                                      ;Porsche 911 GT3R (991 II);1;11:23:14.581;11:23:14.581;9:12.328;552,328;N;SP 9                                                        ;0000SP 9                                                        ;;SP 9    ;42.023;N;215;;44.896;N;232;;1:06.516;N;211;;10.821;N;260;;1:53.722;N;201;;39.521;N;230;;3:04.095;N;214;;20.815;J;263;;29.919;J;;;;N;;N;;N;8:48.184;3;N;0;;            ;;1;0;0;0;0;1;1;8:48.184
25;Thys;4;Thyssen;Joachim;Rader;Klaus;Menzel;Nico;Kern;Lars;DEU ;Huber Motorsport;PRO-AM                                                      ;Porsche 911 GT3R (991 II);2;11:39:43.559;11:39:43.559;9:04.217;544,217;N;SP 9                                                        ;0000SP 9                                                        ;;SP 9    ;42.429;N;218;;43.692;N;233;;1:06.242;N;211;;10.766;N;253;;1:49.140;N;209;;35.574;N;250;;3:05.507;N;211;;20.845;N;267;;30.022;N;;;;N;;N;;N;8:48.184;3;N;0;;            ;;2;0;0;0;0;1;2;8:48.184
25;Thys;4;Thyssen;Joachim;Rader;Klaus;Menzel;Nico;Kern;Lars;DEU ;Huber Motorsport;PRO-AM                                                      ;Porsche 911 GT3R (991 II);3;11:48:32.692;11:48:32.692;8:49.133;529,133;J;SP 9                                                        ;0000SP 9                                                        ;;SP 9    ;40.606;J;220;;43.228;J;234;;1:04.775;J;214;;10.711;J;254;;1:48.107;J;206;;35.509;J;247;;2:54.514;J;215;;20.819;N;261;;30.864;N;;;;N;;N;;N;8:48.184;3;N;0;;            ;;3;0;0;0;0;1;3;8:48.184
26;Gros;3;Grossmann;Björn;Trummer;Simon;Hirschi;Jonathan;Ludwig;Luca;CHE ;octane126;PRO                                                         ;Ferrari 488 GT3 Evo20;1;11:32:30.233;11:32:30.233;19:38.312;1178,312;N;SP 9                                                        ;0000SP 9                                                        ;;SP 9    ;11:13.832;N;212;;43.443;N;231;;1:06.401;N;218;;10.602;N;260;;1:48.508;J;202;;38.606;N;229;;3:06.628;N;221;;20.686;N;259;;29.606;N;;;;N;;N;;N;8:48.581;2;N;0;;Serliana    ;;1;0;0;0;0;1;1;8:48.581
26;Gros;3;Grossmann;Björn;Trummer;Simon;Hirschi;Jonathan;Ludwig;Luca;CHE ;octane126;PRO                                                         ;Ferrari 488 GT3 Evo20;2;11:41:19.077;11:41:19.077;8:48.844;528,844;J;SP 9                                                        ;0000SP 9                                                        ;;SP 9    ;40.833;J;216;;42.920;J;232;;1:04.634;J;223;;10.446;J;263;;1:48.771;N;203;;36.416;J;242;;2:54.932;J;228;;20.456;J;261;;29.436;J;;;;N;;N;;N;8:48.581;2;N;0;;Serliana    ;;2;0;0;0;0;1;2;8:48.581
27;Andl;2;Andlauer;Julien;Campbell;Matt;Jaminet;Matthieu;;;FRA ;Toksport WRT;PRO                                                         ;Porsche 911 GT3R (991 II);1;11:21:27.401;11:21:27.401;11:43.543;703,543;J;SP 9                                                        ;0000SP 9                                                        ;;SP 9    ;3:26.584;J;216;;45.068;J;231;;1:04.899;J;217;;10.638;J;260;;1:48.581;J;205;;38.824;J;240;;2:56.863;J;218;;20.771;J;259;;31.315;J;;;;N;;N;;N;11:43.543;37;N;0;;Julien Andla;;1;0;0;0;0;1;1;11:43.543
29;Enge;4;Engelhart;Christian;Cairoli;Matteo;De Leener;Adrien;Schandorff;Frederik;DEU ;DINAMIC MOTORSPORT;PRO                                                         ;Porsche 911 GT3R (991 II);1;11:36:42.456;11:36:42.456;9:08.488;548,488;J;SP 9                                                        ;0000SP 9                                                        ;;SP 9    ;41.364;N;216;;43.275;J;234;;1:04.346;J;218;;10.591;J;264;;1:48.411;J;204;;35.873;J;243;;3:14.438;N;218;;20.712;J;261;;29.478;J;;;;N;;N;;N;9:05.044;13;N;0;;            ;;1;0;0;0;0;1;1;9:05.044
29;Enge;4;Engelhart;Christian;Cairoli;Matteo;De Leener;Adrien;Schandorff;Frederik;DEU ;DINAMIC MOTORSPORT;PRO                                                         ;Porsche 911 GT3R (991 II);2;11:45:50.979;11:45:50.979;9:08.523;548,523;N;SP 9                                                        ;0000SP 9                                                        ;;SP 9    ;40.762;J;217;;43.816;N;231;;1:04.746;N;216;;10.647;N;263;;1:49.442;N;204;;36.170;N;241;;3:11.596;J;214;;20.903;N;261;;30.441;N;;;;N;;N;;N;9:05.044;13;N;0;;            ;;2;0;0;0;0;1;2;9:05.044
33;Evan;2;Evans;Jaxon;Müller;Sven;Pilet;Patrick;Seefried;Marco;DEU ;Falken Motorsports;PRO                                                         ;Porsche 911 GT3R (991 II);1;11:12:30.975;11:12:30.975;9:38.121;578,121;N;SP 9                                                        ;0000SP 9                                                        ;;SP 9    ;41.480;N;217;;46.801;N;233;;1:06.515;N;208;;10.839;N;261;;1:49.887;N;204;;44.971;N;231;;3:25.290;N;211;;21.044;N;260;;31.294;N;;;;N;;N;;N;8:49.947;4;N;0;;            ;;1;0;0;0;0;1;1;8:49.947
33;Evan;2;Evans;Jaxon;Müller;Sven;Pilet;Patrick;Seefried;Marco;DEU ;Falken Motorsports;PRO                                                         ;Porsche 911 GT3R (991 II);2;11:21:34.570;11:21:34.570;9:03.595;543,595;N;SP 9                                                        ;0000SP 9                                                        ;;SP 9    ;41.719;N;216;;44.488;N;226;;1:05.198;N;215;;10.657;N;265;;1:47.807;J;206;;36.586;N;235;;3:05.469;N;208;;20.975;J;260;;30.696;N;;;;N;;N;;N;8:49.947;4;N;0;;            ;;2;0;0;0;0;1;2;8:49.947
33;Evan;4;Evans;Jaxon;Müller;Sven;Pilet;Patrick;Seefried;Marco;DEU ;Falken Motorsports;PRO                                                         ;Porsche 911 GT3R (991 II);3;11:37:48.865;11:37:48.865;9:01.839;541,839;N;SP 9                                                        ;0000SP 9                                                        ;;SP 9    ;41.686;N;216;;43.781;N;233;;1:06.930;N;214;;10.725;N;262;;1:48.326;N;203;;35.696;N;242;;3:04.112;N;206;;21.096;N;260;;29.487;N;;;;N;;N;;N;8:49.947;4;N;0;;            ;;3;0;0;0;0;1;3;8:49.947
33;Evan;4;Evans;Jaxon;Müller;Sven;Pilet;Patrick;Seefried;Marco;DEU ;Falken Motorsports;PRO                                                         ;Porsche 911 GT3R (991 II);4;11:46:39.529;11:46:39.529;8:50.664;530,664;J;SP 9                                                        ;0000SP 9                                                        ;;SP 9    ;41.033;J;216;;43.603;J;233;;1:04.821;J;218;;10.568;J;265;;1:48.327;N;205;;35.679;J;243;;2:56.039;J;204;;21.172;N;259;;29.422;J;;;;N;;N;;N;8:49.947;4;N;0;;            ;;4;0;0;0;0;1;4;8:49.947
44;Bach;1;Bachler;Klaus;Picariello;Alessio;Pilet;Patrick;Ragginger;Martin;AUT ;Falken Motorsports;PRO                                                         ;Porsche 911 GT3R (991 II);1;11:12:55.101;11:12:55.101;9:05.964;545,964;N;SP 9                                                        ;0000SP 9                                                        ;;SP 9    ;42.096;N;216;;43.765;N;233;;1:05.004;J;211;;10.781;N;262;;1:50.817;N;203;;37.395;N;208;;3:05.351;N;213;;20.851;N;260;;29.904;N;;;;N;;N;;N;8:39.129;1;N;0;;            ;;1;0;0;0;0;1;1;8:39.129
44;Bach;4;Bachler;Klaus;Picariello;Alessio;Pilet;Patrick;Ragginger;Martin;AUT ;Falken Motorsports;PRO                                                         ;Porsche 911 GT3R (991 II);2;11:25:16.635;11:25:16.635;12:21.534;741,534;N;SP 9                                                        ;0000SP 9                                                        ;;SP 9    ;4:00.656;N;216;;43.552;N;234;;1:05.712;N;209;;10.872;N;259;;1:49.947;N;202;;36.605;N;241;;3:03.655;N;214;;20.911;N;258;;29.624;N;;;;N;;N;;N;8:39.129;1;N;0;;            ;;2;0;0;0;0;1;2;8:39.129
44;Bach;4;Bachler;Klaus;Picariello;Alessio;Pilet;Patrick;Ragginger;Martin;AUT ;Falken Motorsports;PRO                                                         ;Porsche 911 GT3R (991 II);3;11:34:24.228;11:34:24.228;9:07.593;547,593;N;SP 9                                                        ;0000SP 9                                                        ;;SP 9    ;41.152;J;216;;43.594;N;233;;1:05.700;N;212;;10.757;J;262;;1:49.885;N;203;;35.972;J;244;;3:08.717;N;216;;20.729;J;261;;31.087;N;;;;N;;N;;N;8:39.129;1;N;0;;            ;;3;0;0;0;0;2;1;8:39.129
44;Bach;4;Bachler;Klaus;Picariello;Alessio;Pilet;Patrick;Ragginger;Martin;AUT ;Falken Motorsports;PRO                                                         ;Porsche 911 GT3R (991 II);4;11:49:28.947;11:49:28.947;8:40.358;520,358;J;SP 9                                                        ;0000SP 9                                                        ;;SP 9    ;41.625;N;216;;43.509;J;232;;1:05.441;N;209;;10.900;N;259;;1:49.379;J;204;;36.111;N;239;;2:43.125;J;222;;20.766;N;258;;29.502;J;;;;N;;N;;N;8:39.129;1;N;0;;            ;;4;0;0;0;0;2;2;8:39.129
70;Menz;1;Menzl;Rodriguez;Berg;Ulrich;Hamprecht;Philip;;;DEU ;Huber Motorsport;PRO-AM                                                      ;Porsche 911 GT3 Cup 991;1;11:17:54.439;11:17:54.439;15:20.389;920,389;J;SP 7                                                        ;0000SP 7                                                        ;;SP 7    ;6:06.706;J;172;;48.672;J;203;;1:11.102;J;195;;11.262;J;253;;1:58.799;J;192;;42.782;J;168;;3:24.774;J;192;;21.855;J;255;;34.437;J;;;;N;;N;;N;15:20.389;40;N;0;;            ;;1;0;0;0;0;1;1;15:20.389
79;Sari;3;Sari;Hakan;Sari;Recep;Yücesan;Ersin;;;BEL ;;PRO-AM                                                      ;BMW M4 GT4 (Evo2021);1;11:18:00.549;11:18:00.549;9:45.926;585,926;J;SP 10                                                       ;0000SP 10                                                       ;;SP 10   ;45.858;J;196;;48.610;J;217;;1:12.007;J;193;;11.539;J;250;;1:59.999;J;187;;39.758;J;216;;3:11.977;J;198;;21.997;J;250;;34.181;J;;;;N;;N;;N;9:45.926;20;N;0;;            ;;1;0;0;0;0;1;1;9:45.926
81;Duma;1;Dumarey;Guido;Walker;Alexander;Sokolovskiy;Yevgen;Hess;Michael;BEL ;PROsport Racing GmbH;PRO-AM                                                      ;Aston Martin Vantage AMR GT4;1;11:16:09.595;11:16:09.595;10:21.588;621,588;J;SP 10                                                       ;0000SP 10                                                       ;;SP 10   ;45.723;J;203;;48.962;J;219;;1:14.928;J;188;;11.605;J;247;;2:03.147;J;189;;38.622;J;231;;3:35.400;J;181;;24.260;J;226;;38.941;J;;;;N;;N;;N;10:21.588;25;N;0;;Christoph Br;;1;0;0;0;0;1;1;10:21.588
85;Meen;4;Meenen;Martin;Müller;Marco;Palluth;Carsten;Wahl;Tobias;DEU ;BLACK FALCON Team TEXTAR;PRO-AM                                                      ;Porsche 718 Cayman GT4 RS CS;1;11:20:59.584;11:20:59.584;10:32.243;632,243;J;SP 10                                                       ;0000SP 10                                                       ;;SP 10   ;47.041;J;197;;50.325;J;224;;1:17.334;J;160;;12.267;J;244;;2:10.092;J;192;;42.209;J;201;;3:36.512;J;192;;21.868;J;250;;34.595;J;;;;N;;N;;N;10:32.243;28;N;0;;            ;;1;0;0;0;0;1;1;10:32.243
90;Sore;2;Sorensen;Marco;Thiim;Nicki;Pittard;David;Martin;Maxime;MCO ;TF Sport;PRO                                                         ;Aston Martin Vantage AMR GT3;1;11:11:24.766;11:11:24.766;9:28.495;568,495;J;SP 9                                                        ;0000SP 9                                                        ;;SP 9    ;42.141;J;217;;43.624;J;232;;1:04.558;J;227;;10.403;J;263;;1:46.972;J;201;;38.226;J;182;;3:30.724;J;218;;20.817;J;258;;31.030;J;;;;N;;N;;N;9:28.495;16;N;0;;            ;;1;0;0;0;0;1;1;9:28.495
109;Caba;1;Caba;Ralph;Sprungmann;Oliver;Mohr;Michael;;;DEU ;;PRO-AM                                                      ;Ford Mustang GT;1;11:23:37.200;11:23:37.200;10:57.149;657,149;J;AT                                                          ;0000AT                                                          ;;AT      ;49.764;J;176;;53.300;J;208;;1:21.970;J;167;;12.956;J;229;;2:15.280;J;180;;45.918;J;177;;3:38.213;J;181;;22.846;J;247;;36.902;J;;;;N;;N;;N;10:57.149;31;N;0;;            ;;1;0;0;0;0;1;1;10:57.149
114;van ;2;van Dam;Carlo;Schrick;Tim;Lasee;Marcel;Sasaki;Kota;NLD ;SUBARU TECNICA INTERNATIONAL;PRO                                                         ;SUBARU  WRX STI;1;11:23:14.395;11:23:14.395;14:31.001;871,001;J;SP 3T                                                       ;0000SP 3T                                                       ;;SP 3T   ;5:30.917;J;192;;48.645;J;213;;1:10.824;J;199;;11.552;J;241;;1:58.886;J;184;;39.717;J;221;;3:14.714;J;197;;22.706;J;239;;33.040;J;;;;N;;N;;N;14:31.001;39;N;0;;            ;;1;0;0;0;0;1;1;14:31.001
116;Kofl;2;Kofler;Reinhard;Siljehaug;Mads;Hofer;Max;Heinemann;Tim;AUT ;True Racing;PRO-AM                                                      ;KTM X-Bow GT2;1;11:46:38.290;11:46:38.290;8:57.950;537,950;J;SP-X                                                        ;0000SP-X                                                        ;;SP-X    ;41.349;J;216;;42.736;J;235;;1:04.800;J;219;;10.593;J;258;;1:48.414;J;206;;35.553;J;244;;3:03.871;J;204;;21.202;J;258;;29.432;J;;;;N;;N;;N;8:57.950;8;N;0;;            ;;1;0;0;0;0;1;1;8:57.950
117;Stuc;2;Stuck;Ferdinand;Stuck;Johannes;Palttala;Markus;Kofler;Reinhard;DEU ;True Racing;PRO-AM                                                      ;KTM X-Bow GT2;1;11:22:24.630;11:22:24.630;9:11.709;551,709;J;SP-X                                                        ;0000SP-X                                                        ;;SP-X    ;41.889;J;213;;43.953;J;233;;1:06.599;J;196;;11.163;J;251;;1:50.059;J;205;;37.052;J;229;;3:05.784;J;209;;20.906;J;258;;34.304;J;;;;N;;N;;N;9:11.709;14;N;0;;            ;;1;0;0;0;0;1;1;9:11.709
119;Smit;2;Smittachartch;Suttipong;Charoensukhawatana;Nattavude;Kulapalanont;Manat;Hortongkum;Nattapong;THA ;Toyota Gazoo Racing Team Thailand;PRO-AM                                                      ;Toyota Corolla Altis;1;11:15:01.718;11:15:01.718;11:46.227;706,227;J;SP 3                                                        ;0000SP 3                                                        ;;SP 3    ;52.339;J;158;;54.801;N;167;;1:26.760;N;162;;13.765;J;211;;2:21.670;N;161;;47.705;N;180;;3:56.928;J;167;;29.087;J;179;;43.172;N;;;;N;;N;;N;11:31.685;38;N;0;;            ;;1;0;0;0;0;1;1;11:31.685
119;Smit;2;Smittachartch;Suttipong;Charoensukhawatana;Nattavude;Kulapalanont;Manat;Hortongkum;Nattapong;THA ;Toyota Gazoo Racing Team Thailand;PRO-AM                                                      ;Toyota Corolla Altis;2;11:33:09.097;11:33:09.097;18:07.379;1087,379;N;SP 3                                                        ;0000SP 3                                                        ;;SP 3    ;7:23.967;N;156;;54.783;J;185;;1:22.926;J;157;;13.794;N;211;;2:17.222;J;160;;46.160;J;181;;3:58.476;N;152;;31.576;N;188;;38.475;J;;;;N;;N;;N;11:31.685;38;N;0;;            ;;2;0;0;0;0;1;2;11:31.685
120;Supa;1;Supaphongs;;Jian Hong;Chen;Kawamura;Naoki;;;THA ;Toyota Gazoo Racing Team Thailand;PRO-AM                                                      ;Toyota Corolla Altis;1;11:18:32.442;11:18:32.442;11:03.114;663,114;J;SP 3                                                        ;0000SP 3                                                        ;;SP 3    ;52.695;J;161;;54.076;J;188;;1:21.300;J;176;;13.009;J;218;;2:16.419;J;160;;46.218;J;193;;3:33.505;J;170;;25.845;J;210;;40.047;J;;;;N;;N;;N;11:03.114;32;N;0;;            ;;1;0;0;0;0;1;1;11:03.114
122;Ludw;2;Ludwig;Peter;Nagelsdiek;Noah;Renger;Reinhold;Rosenberg;Maik;USA ;BLACK FALCON;PRO-AM                                                      ;Porsche 911 GT3 Cup (992);1;11:21:50.163;11:21:50.163;10:35.925;635,925;J;Cup 2                                                       ;0000Cup 2                                                       ;;Cup 2   ;45.273;J;205;;49.536;J;232;;1:13.518;J;187;;11.360;J;260;;2:05.431;J;198;;43.626;J;164;;3:49.801;J;188;;21.748;J;251;;35.632;J;;;;N;;N;;N;10:35.925;29;N;0;;            ;;1;0;0;0;0;1;1;10:35.925
123;Bünn;3;Bünnagel;Ben;Kaya;Mustafa Mehmet;Piana;Gabriele;Stursberg;Mike;DEU ;BLACK FALCON;PRO-AM                                                      ;Porsche 911 GT3 Cup (992);1;11:16:44.690;11:16:44.690;9:22.482;562,482;J;Cup 2                                                       ;0000Cup 2                                                       ;;Cup 2   ;43.003;J;216;;45.716;J;235;;1:07.135;J;206;;10.767;J;267;;1:52.325;J;203;;37.338;J;200;;3:15.638;J;214;;20.418;J;270;;30.142;J;;;;N;;N;;N;9:22.482;15;N;0;;            ;;1;0;0;0;0;1;1;9:22.482
128;Abbe;1;Abbelen;Klaus;Harrison;Julian;von Danwitz;Hendrik;Güven;Ayhancan;DEU ;Frikadelli Racing Team;PRO-AM                                                      ;Porsche 911 GT3 Cup (992);1;11:13:46.320;11:13:46.320;11:24.038;684,038;J;Cup 2                                                       ;0000Cup 2                                                       ;;Cup 2   ;43.747;J;206;;46.579;J;233;;1:11.081;J;196;;11.045;J;263;;1:58.431;J;201;;1:07.412;J;140;;4:09.758;J;161;;30.877;J;171;;45.108;J;;;;N;;N;;N;11:24.038;33;N;0;;            ;;1;0;0;0;0;1;1;11:24.038
135;Chrz;1;Chrzanowski;Robin;Jodexnis;Kersten;Scharmach;Peter;Koch;Max;DEU ;Clickversicherung Team;PRO-AM                                                      ;Porsche 911 GT3 Cup (992);1;11:14:50.592;11:14:50.592;10:56.922;656,922;J;Cup 2                                                       ;0000Cup 2                                                       ;;Cup 2   ;44.664;J;197;;47.250;J;235;;1:10.323;J;198;;11.010;J;264;;2:46.119;J;201;;41.631;J;203;;3:36.670;J;181;;22.512;J;257;;36.743;J;;;;N;;N;;N;10:56.922;30;N;0;;            ;;1;0;0;0;0;1;1;10:56.922
161;Brod;3;Brodmerkel;Stephan;Kraihamer;Laura;Schöll;Constantin;Still;Hendrik;DEU ;Teichmann Racing GmbH;PRO-AM                                                      ;KTM X-BOW GTX;1;11:34:24.629;11:34:24.629;9:34.221;574,221;J;Cup-X                                                       ;0000Cup-X                                                       ;;Cup-X   ;44.454;J;194;;47.303;J;232;;1:11.558;J;196;;11.086;J;258;;1:58.794;J;201;;36.549;J;244;;3:10.842;J;208;;20.803;J;265;;32.832;J;;;;N;;N;;N;9:34.221;18;N;0;;            ;;1;0;0;0;0;1;1;9:34.221
162;Amwe;4;Amweg;Manuel;Sandtler;Tim;Wolf;Florian;Adorf;Dirk;CHE ;Teichmann Racing GmbH;PRO-AM                                                      ;KTM X-BOW GTX;1;11:22:36.248;11:22:36.248;10:22.570;622,570;J;Cup-X                                                       ;0000Cup-X                                                       ;;Cup-X   ;50.711;J;155;;54.020;J;194;;1:18.401;J;177;;11.799;J;248;;2:06.886;J;196;;40.667;J;209;;3:21.722;J;186;;23.315;J;236;;35.049;J;;;;N;;N;;N;10:22.570;26;N;0;;            ;;1;0;0;0;0;1;1;10:22.570
243;Lang;3;Lange;Lucas;Lott;Sascha;Meixner;Alexander;Hancke;Sascha;DEU ;;PRO-AM                                                      ;BMW M240i Racing Cup;1;11:16:11.652;11:16:11.652;11:25.186;685,186;J;BMW M240i                                                   ;0000BMW M240i                                                   ;;BMW M240;49.407;J;188;;52.759;J;202;;1:20.271;J;178;;12.347;J;233;;2:12.940;J;171;;42.419;J;213;;4:03.576;J;175;;30.516;J;197;;40.951;J;;;;N;;N;;N;11:25.186;34;N;0;;            ;;1;0;0;0;0;1;1;11:25.186
262;Dolf;4;Dolfen;Heinz;Cloet;Tom;Louisoder;Oliver;Bohr;Daniel;DEU ;Team Mathol Racing e.V.;PRO-AM                                                      ;Porsche 718 Cayman GT4 Clubspo;1;11:20:06.260;11:20:06.260;9:51.056;591,056;J;Cup 3                                                       ;0000Cup 3                                                       ;;Cup 3   ;44.616;J;204;;47.852;J;223;;1:12.226;J;185;;11.661;J;251;;1:59.569;J;192;;38.683;J;211;;3:22.954;J;197;;21.505;J;260;;31.990;J;;;;N;;N;;N;9:51.056;21;N;0;;Zimmermann B;;1;0;0;0;0;1;1;9:51.056
264;Cala;1;Calamia;Mauro;Jacoma;Ivan;Pampanini;Roberto;Riemer;Kai;CHE ;SCHMICKLER Performance powered by RAVENOL;PRO-AM                                                      ;Porsche 718 Cayman GT4 Clubspo;1;11:27:09.179;11:27:09.179;9:39.476;579,476;J;Cup 3                                                       ;0000Cup 3                                                       ;;Cup 3   ;46.362;J;202;;48.942;J;222;;1:13.583;J;188;;11.588;J;249;;2:01.177;J;191;;38.191;J;237;;3:06.917;J;206;;21.018;J;263;;31.698;J;;;;N;;N;;N;9:39.476;19;N;0;;            ;;1;0;0;0;0;1;1;9:39.476
300;Vazq;1;Vazquez;Marcos Adolfo;Max Walter von Bär;;Held;Thorsten;Trinius;Matthias;ARG ;Team Mathol Racing e.V.;PRO-AM                                                      ;Porsche Cayman 718 S;1;11:46:47.876;11:46:47.876;10:17.195;617,195;J;VT3                                                         ;0000VT3                                                         ;;VT3     ;46.870;J;201;;50.711;J;207;;1:15.124;J;175;;12.219;J;241;;2:09.006;J;182;;41.607;J;217;;3:26.330;J;185;;22.462;J;254;;32.866;J;;;;N;;N;;N;10:17.195;24;N;0;;Zimmermann B;;1;0;0;0;0;1;1;10:17.195
322;Miet;2;Miettinnen;Juha;Berghult;Dan;Blass;Frank;;;CHE ;MSC Wahlscheid e.V. im ADAC;PRO-AM                                                      ;BMW E90 325i;1;11:22:31.567;11:22:31.567;11:26.199;686,199;J;V 4                                                         ;0000V 4                                                         ;;V 4     ;56.163;J;140;;1:01.122;J;167;;1:24.232;J;163;;13.622;J;210;;2:17.468;J;155;;48.850;J;189;;3:38.534;J;156;;27.310;J;209;;38.898;J;;;;N;;N;;N;11:26.199;35;N;0;;            ;;1;0;0;0;0;1;1;11:26.199
323;Lyon;1;Lyons;Benjamin;Löw;Markus;Lomas;Dale;;;GBR ;Rockstar Games by Viken Motorsport & Tomcat;PRO-AM                                                      ;BMW 325i;1;11:26:34.919;11:26:34.919;15:35.922;935,922;J;V 4                                                         ;0000V 4                                                         ;;V 4     ;5:10.756;J;168;;57.639;J;183;;1:23.372;J;178;;13.069;J;216;;2:19.212;J;154;;47.918;J;181;;3:39.121;J;173;;25.702;J;213;;39.133;J;;;;N;;N;;N;15:35.922;41;N;0;;            ;;1;0;0;0;0;1;1;15:35.922
332;Will;1;Willhardt;Marcus;Bohrer;Michael;Epp;Stephan;Holthaus;Gerrit;DEU ;Hyundai Driving Experience;PRO-AM                                                      ;Hyundai  i30N;1;11:25:40.877;11:25:40.877;10:46.481;646,481;N;VT2 Front                                                   ;0000VT2 Front                                                   ;;VT2 Fron;48.756;J;175;;53.188;N;202;;1:19.788;N;174;;12.481;N;232;;2:15.532;N;168;;48.765;N;180;;3:30.592;N;187;;23.009;J;239;;34.370;N;;;;N;;N;;N;10:28.767;27;N;0;;            ;;1;0;0;0;0;1;1;10:28.767
332;Will;1;Willhardt;Marcus;Bohrer;Michael;Epp;Stephan;Holthaus;Gerrit;DEU ;Hyundai Driving Experience;PRO-AM                                                      ;Hyundai  i30N;2;11:36:34.173;11:36:34.173;10:53.296;653,296;N;VT2 Front                                                   ;0000VT2 Front                                                   ;;VT2 Fron;50.121;N;172;;52.556;J;203;;1:20.060;N;173;;12.513;N;233;;2:13.805;N;170;;43.607;J;210;;3:43.540;N;188;;23.016;N;240;;34.078;J;;;;N;;N;;N;10:28.767;27;N;0;;            ;;2;0;0;0;0;1;2;10:28.767
332;Will;1;Willhardt;Marcus;Bohrer;Michael;Epp;Stephan;Holthaus;Gerrit;DEU ;Hyundai Driving Experience;PRO-AM                                                      ;Hyundai  i30N;3;11:47:05.178;11:47:05.178;10:31.005;631,005;J;VT2 Front                                                   ;0000VT2 Front                                                   ;;VT2 Fron;48.977;N;168;;53.181;N;198;;1:19.378;J;175;;12.437;J;229;;2:12.626;J;171;;43.719;N;191;;3:22.320;J;181;;24.103;N;236;;34.264;N;;;;N;;N;;N;10:28.767;27;N;0;;            ;;3;0;0;0;0;1;3;10:28.767
333;Mert;4;Mertens;Daniel;Ricca;Jeff;Endres;Stefan;Strube;Kurt;DEU ;DRUCKREGELT;PRO-AM                                                      ;Hyundai i30N;1;11:21:32.299;11:21:32.299;11:31.758;691,758;J;VT2 Front                                                   ;0000VT2 Front                                                   ;;VT2 Fron;50.870;J;184;;55.204;J;197;;1:26.599;J;158;;13.583;J;211;;2:24.919;J;168;;47.763;J;169;;3:47.973;J;173;;23.907;J;235;;40.940;N;;;;N;;N;;N;11:31.685;36;N;0;;MSC Adenau e;;1;0;0;0;0;1;1;11:31.685
333;Mert;3;Mertens;Daniel;Ricca;Jeff;Endres;Stefan;Strube;Kurt;DEU ;DRUCKREGELT;PRO-AM                                                      ;Hyundai i30N;2;11:40:53.132;11:40:53.132;19:20.833;1160,833;N;VT2 Front                                                   ;0000VT2 Front                                                   ;;VT2 Fron;7:28.507;N;125;;1:07.920;N;163;;1:37.313;N;140;;15.565;N;183;;2:41.417;N;161;;54.658;N;146;;4:08.770;N;170;;25.769;N;218;;40.914;N;;;;N;;N;;N;11:31.685;36;N;0;;MSC Adenau e;;2;0;0;0;0;1;2;11:31.685
333;Mert;3;Mertens;Daniel;Ricca;Jeff;Endres;Stefan;Strube;Kurt;DEU ;DRUCKREGELT;PRO-AM                                                      ;Hyundai i30N;3;11:53:14.368;11:53:14.368;12:21.236;741,236;N;VT2 Front                                                   ;0000VT2 Front                                                   ;;VT2 Fron;57.615;N;137;;1:04.851;N;176;;1:34.475;N;137;;15.555;N;181;;2:38.192;N;163;;53.352;N;147;;3:51.693;N;168;;24.636;N;226;;40.867;J;;;;N;;N;;N;11:31.685;36;N;0;;MSC Adenau e;;3;0;0;0;0;2;1;11:31.685
